<?xml version="1.0" encoding="UTF-8"?>
<beans xmlns="http://www.springframework.org/schema/beans"
	xmlns:xsi="http://www.w3.org/2001/XMLSchema-instance"
	xmlns:beans="http://www.springframework.org/schema/beans"
	xmlns:context="http://www.springframework.org/schema/context"
	xmlns:jee="http://www.springframework.org/schema/jee"
	xmlns:p="http://www.springframework.org/schema/p"
	xmlns:tx="http://www.springframework.org/schema/tx"
	
	xsi:schemaLocation="
	http://www.springframework.org/schema/tx https://www.springframework.org/schema/tx/spring-tx.xsd
	http://www.springframework.org/schema/jee https://www.springframework.org/schema/jee/spring-jee.xsd
	http://www.springframework.org/schema/context https://www.springframework.org/schema/context/spring-context.xsd
	http://www.springframework.org/schema/beans https://www.springframework.org/schema/beans/spring-beans.xsd">
	
	<!-- Root Context: defines shared resources visible to all other web components -->
	
	<!-- 데이터베이스 종류 선택 -->
	<jee:jndi-lookup 
		id="dataSource" 
		jndi-name="jdbc/mysql"
		resource-ref="true"/>

	<beans:bean 
		id="transactionManager" 
		class="org.springframework.jdbc.datasource.DataSourceTransactionManager"
		p:dataSource-ref="dataSource"/>		
				
	 <tx:annotation-driven transaction-manager="transactionManager"/>
	
	<beans:bean 
		id="sqlSessionFactoryBean" 
		class="org.mybatis.spring.SqlSessionFactoryBean"
		p:dataSource-ref="dataSource"
		p:configLocation="classpath:com/edu/wepet/mybatis/config.xml"/>
		
	<beans:bean 
		id="sqlSessionTemplate" 
		class="org.mybatis.spring.SqlSessionTemplate">
		<beans:constructor-arg name="sqlSessionFactory" ref="sqlSessionFactoryBean"/>
	</beans:bean>			
	
	<context:component-scan base-package="com.edu.wepet.model"/>
	
	<!-- 파일 업로드를 위한 빈 등록 -->
	<beans:bean
		id="multipartResolver"
		class="org.springframework.web.multipart.commons.CommonsMultipartResolver"
		p:maxUploadSizePerFile="3145728"/>	
		
	 <beans:bean class="org.springframework.web.servlet.mvc.method.annotation.RequestMappingHandlerAdapter">
	 	<beans:property name="messageConverters">
	 		<beans:list value-type="java.util.ArrayList">
	 			<beans:ref bean="mappingJackson2HttpMessageConverter"/>
	 		</beans:list>
	 	</beans:property>
	 </beans:bean>
	 
	<beans:bean id="mappingJackson2HttpMessageConverter" class="org.springframework.http.converter.json.MappingJackson2HttpMessageConverter">
		<beans:property name="supportedMediaTypes">
			<beans:value>application/json;charset=utf-8</beans:value>
		</beans:property>
	</beans:bean>
	
					 
</beans>